<?xml version="1.0" encoding="UTF-8"?>
<project-private xmlns="http://www.netbeans.org/ns/project-private/1">
    <editor-bookmarks xmlns="http://www.netbeans.org/ns/editor-bookmarks/2" lastBookmarkId="0"/>
    <open-files xmlns="http://www.netbeans.org/ns/projectui-open-files/2">
        <group>
            <file>file:/Users/annettepeterman/Documents/5.%20Computer%20Science/NetBeansProjects/StoreSimulation2/src/storesimulation/MyHeap.java</file>
            <file>file:/Users/annettepeterman/Documents/5.%20Computer%20Science/NetBeansProjects/StoreSimulation2/src/storesimulation/Event.java</file>
            <file>file:/Users/annettepeterman/Documents/5.%20Computer%20Science/NetBeansProjects/StoreSimulation2/src/storesimulation/Register.java</file>
            <file>file:/Users/annettepeterman/Documents/5.%20Computer%20Science/NetBeansProjects/StoreSimulation2/src/storesimulation/StoreSimulation.java</file>
        </group>
    </open-files>
</project-private>
